Partner,Year,Actual,Predicted,Model,Actual_norm,Pred_norm
CHN,2007,4.03,523722.157446722,Stacking,0.13966979027219992,0.9999998200513976
CHN,2007,4.34,523737.62384312553,Stacking,0.15350290049085227,0.9999999647005673
CHN,2007,1.74,523714.02272744384,Stacking,0.037483266398929044,0.9999997439715947
CHN,2007,17.37,523741.3981822403,Stacking,0.7349397590361446,1.0
CHN,2007,5.41,523726.4881646549,Stacking,0.20124944221329763,0.9999998605543523
CHN,2007,6.92,523735.8445341643,Stacking,0.2686300758589915,0.999999948059615
CHN,2007,7.29,523734.2912957398,Stacking,0.285140562248996,0.9999999335329831
CHN,2008,6.81,-106399759.3281412,Stacking,0.26372155287817933,5.183245743722864e-08
CHN,2008,6.44,-106399759.17526937,Stacking,0.24721106648817492,5.32621882154416e-08
CHN,2008,4.18,-106399761.48293568,Stacking,0.14636323070058008,3.167978412932371e-08
CHN,2008,20.65,-106399752.53269245,Stacking,0.8813029897367246,1.1538675892541761e-07
CHN,2008,1.8,-106399764.87024929,Stacking,0.040160642570281124,0.0
CHN,2008,4.09,-106399763.05598116,Stacking,0.14234716644355197,1.6967907190412745e-08
CHN,2008,5.16,-106399761.52987576,Stacking,0.19009370816599733,3.124077807559189e-08
CHN,2009,21.38,16.88808999976036,Stacking,0.9138777331548416,0.9951018767680754
CHN,2009,5.7,5.488926997786538,Stacking,0.214190093708166,0.9951017701576265
CHN,2009,4.24,3.745742746281103,Stacking,0.14904060687193219,0.9951017538545299
CHN,2009,4.3,4.132098902071634,Stacking,0.15171798304328424,0.9951017574679183
CHN,2009,1.76,1.9498033797584189,Stacking,0.038375725122713075,0.9951017370580422
CHN,2009,6.78,5.100745273560005,Stacking,0.26238286479250333,0.9951017665271645
CHN,2009,6.75,6.101992040848639,Stacking,0.2610441767068273,0.9951017758913053
CHN,2010,6.54,8.491254603164663,Stacking,0.251673360107095,0.9951017982368366
CHN,2010,7.32,8.854692123895145,Stacking,0.28647925033467203,0.995101801635879
CHN,2010,1.5,3.8965888702952434,Stacking,0.02677376171352075,0.9951017552653153
CHN,2010,3.99,5.995824967673229,Stacking,0.13788487282463185,0.9951017748983798
CHN,2010,4.09,5.679580213430956,Stacking,0.14234716644355197,0.9951017719407069
CHN,2010,5.26,7.455911142341929,Stacking,0.19455600178491742,0.9951017885538073
CHN,2010,21.47,22.5121569427348,Stacking,0.9178937974118695,0.9951019293670514
CHN,2011,4.09,4.174878338978998,Stacking,0.14234716644355197,0.9951017578680121
CHN,2011,4.2,3.888238378036536,Stacking,0.14725568942436412,0.9951017551872176
CHN,2011,1.86,1.5565404086406325,Stacking,0.042838018741633205,0.9951017333800579
CHN,2011,7.62,7.349637141299431,Stacking,0.2998661311914324,0.9951017875598817
CHN,2011,6.55,6.671759590098194,Stacking,0.25211958946898705,0.9951017812200452
CHN,2011,22.62,20.161494891086047,Stacking,0.969210174029451,0.9951019073825306
CHN,2011,4.58,5.589525441481968,Stacking,0.1642124051762606,0.9951017710984715
CHN,2012,6.9,7.556641364629643,Stacking,0.2677376171352075,0.9951017894958847
CHN,2012,8.02,9.14626546936246,Stacking,0.31771530566711287,0.995101804362813
CHN,2012,3.89,4.227519731097439,Stacking,0.13342257920571174,0.9951017583603398
CHN,2012,4.5,4.307953102295721,Stacking,0.1606425702811245,0.9951017591125912
CHN,2012,1.99,1.2760626726663695,Stacking,0.04863900044622936,0.9951017307568953
CHN,2012,23.31,23.481698139641864,Stacking,0.9999999999999998,0.9951019384346665
CHN,2012,4.83,3.3796341214671943,Stacking,0.1753681392235609,0.9951017504305062
CHN,2013,5.57,3.7250598923589617,Stacking,0.20838911200356983,0.9951017536610939
CHN,2013,23.2,27.57222560889941,Stacking,0.9950914770191877,0.9951019766912447
CHN,2013,3.71,3.1411332625674984,Stacking,0.1253904506916555,0.9951017481999316
CHN,2013,4.81,4.012654959027733,Stacking,0.17447568049977685,0.9951017563508211
CHN,2013,1.63,-1.4571872165886948,Stacking,0.032574743418116905,0.9951017051942292
CHN,2013,8.06,12.198580529430078,Stacking,0.31950022311468096,0.9951018329095298
CHN,2013,6.94,9.186426319105363,Stacking,0.26952253458277553,0.9951018047384166
CHN,2014,1.49,1.82661847358418,Stacking,0.026327532351628727,0.9951017359059577
CHN,2014,4.34,5.036179223773639,Stacking,0.15350290049085227,0.9951017659233118
CHN,2014,6.36,7.141732627644273,Stacking,0.2436412315930388,0.9951017856154588
CHN,2014,8.11,8.054114969468054,Stacking,0.321731369924141,0.9951017941484968
CHN,2014,3.18,4.079031709968048,Stacking,0.10174029451137884,0.9951017569716084
CHN,2014,23.15,23.322308864898236,Stacking,0.9928603302097276,0.9951019369439814
CHN,2014,5.2,5.660840162167437,Stacking,0.19187862561356536,0.995101771765441
CHN,2015,8.06,7.709870569059433,Stacking,0.31950022311468096,0.9951017909289578
CHN,2015,1.3,1.2934954913818464,Stacking,0.017849174475680497,0.9951017309199355
CHN,2015,3.95,4.027629554872491,Stacking,0.13609995537706382,0.9951017564908707
CHN,2015,6.39,6.580245779021262,Stacking,0.24497991967871485,0.9951017803641641
CHN,2015,6.38,5.077644496585596,Stacking,0.24453369031682282,0.9951017663111149
CHN,2015,3.34,3.493779908453322,Stacking,0.10887996430165103,0.9951017514980524
CHN,2015,23.22,22.84021320353452,Stacking,0.9959839357429716,0.9951019324351912
CHN,2016,8.45,7.174706768630477,Stacking,0.3369031682284694,0.9951017859238488
CHN,2016,4.08,3.672949690764844,Stacking,0.14190093708165996,0.9951017531737343
CHN,2016,3.79,3.213758286201887,Stacking,0.1289602855867916,0.9951017488791557
CHN,2016,6.19,5.899419142309818,Stacking,0.23605533244087462,0.9951017739967463
CHN,2016,23.0,22.95710796156149,Stacking,0.9861668897813476,0.9951019335284471
CHN,2016,1.72,1.0778589846813564,Stacking,0.03659080767514501,0.9951017289031993
CHN,2016,7.05,6.2775422707207245,Stacking,0.27443105756358765,0.9951017775331354
CHN,2017,22.96,23.008492769703032,Stacking,0.9843819723337794,0.9951019340090226
CHN,2017,3.59,3.7712992295866687,Stacking,0.12003569834895134,0.9951017540935464
CHN,2017,5.43,6.251092607582737,Stacking,0.20214190093708162,0.9951017772857654
CHN,2017,7.0,6.79201766997119,Stacking,0.2721999107541276,0.9951017823447565
CHN,2017,3.08,1.5227792018202555,Stacking,0.09727800089245872,0.9951017330643068
CHN,2017,3.88,4.040388392875313,Stacking,0.1329763498438197,0.9951017566101975
CHN,2017,8.56,7.995153269190723,Stacking,0.34181169120928157,0.9951017935970586
CHN,2018,8.56,7.806727923289702,Stacking,0.34181169120928157,0.9951017918348143
CHN,2018,6.96,6.896713026504469,Stacking,0.27041499330655955,0.9951017833239177
CHN,2018,5.21,5.749589942392102,Stacking,0.19232485497545737,0.9951017725954716
CHN,2018,3.28,3.95187332943965,Stacking,0.10620258813029895,0.9951017557823622
CHN,2018,2.67,3.618253690288834,Stacking,0.07898259705488621,0.995101752662191
CHN,2018,22.96,22.79616808059425,Stacking,0.9843819723337794,0.99510193202326
CHN,2018,3.81,4.04951136735019,Stacking,0.12985274431057564,0.99510175669552
CHN,2019,13.56,22.7894613651013,Stacking,0.5649263721552877,0.9951019319605356
CHN,2019,3.58,3.692812295173108,Stacking,0.11958946898705936,0.9951017533594989
CHN,2019,7.16,8.398973041687482,Stacking,0.27933958054439983,0.9951017973737751
CHN,2019,6.96,6.85886518625096,Stacking,0.27041499330655955,0.9951017829699466
CHN,2019,2.15,2.613050742410876,Stacking,0.05577867023650156,0.99510174326105
CHN,2019,2.85,3.4026292761223806,Stacking,0.08701472556894244,0.9951017506455679
CHN,2019,2.73,5.199508690115046,Stacking,0.08165997322623827,0.9951017674508474
CHN,2020,7.39,6.442886176065744,Stacking,0.28960285586791606,0.995101779079511
CHN,2020,3.01,3.0494745290773766,Stacking,0.09415439535921463,0.9951017473426951
CHN,2020,2.98,2.3697308025759707,Stacking,0.09281570727353858,0.9951017409854052
CHN,2020,2.4,2.450457044032909,Stacking,0.06693440428380186,0.9951017417403957
CHN,2020,1.82,1.456617206128791,Stacking,0.04105310129406514,0.9951017324455281
CHN,2020,13.19,14.12025963045311,Stacking,0.5484158857652832,0.9951018508819961
CHN,2020,6.9,6.305138864825898,Stacking,0.2677376171352075,0.995101777791232
CHN,2021,6.89,6.169303010312723,Stacking,0.26729138777331546,0.9951017765208299
CHN,2021,2.08,2.055204411770028,Stacking,0.05265506470325747,0.9951017380438032
CHN,2021,3.21,2.3595997233222263,Stacking,0.10307898259705486,0.9951017408906544
CHN,2021,13.35,11.231475157922391,Stacking,0.5555555555555556,0.9951018238646958
CHN,2021,1.18,1.3794237091366437,Stacking,0.012494422132976343,0.9951017317235774
CHN,2021,2.77,2.269483650941545,Stacking,0.08344489067380632,0.9951017400478456
CHN,2021,7.59,7.140783070118846,Stacking,0.29852744310575635,0.9951017856065781
CHN,2022,3.17,1.3454572469356263,Stacking,0.10129406514948683,0.9951017314059067
CHN,2022,1.63,0.3263980916587741,Stacking,0.032574743418116905,0.995101721875176
CHN,2022,0.9,-0.8430377256948169,Stacking,0.0,0.9951017109380503
CHN,2022,7.61,5.539573220010844,Stacking,0.29941990182954037,0.9951017706312943
CHN,2022,6.83,4.899934197478121,Stacking,0.2646140116019634,0.9951017646490828
CHN,2022,3.0,0.7228896919565848,Stacking,0.09370816599732262,0.9951017255833559
CHN,2022,13.62,10.841565777335251,Stacking,0.5676037483266398,0.9951018202180759
CHN,2023,6.8,6.338492431257016,Stacking,0.26327532351628735,0.9951017781031706
CHN,2023,2.96,2.0738797074820177,Stacking,0.09192324854975456,0.9951017382184636
CHN,2023,7.61,7.326266966460506,Stacking,0.29941990182954037,0.9951017873413126
CHN,2023,13.74,13.349138112001134,Stacking,0.5729585006693441,0.9951018436700971
CHN,2023,1.24,0.6107423148179763,Stacking,0.015171798304328424,0.9951017245344997
CHN,2023,1.54,1.3560170496248882,Stacking,0.0285586791610888,0.9951017315046671
CHN,2023,3.95,2.628643866255318,Stacking,0.13609995537706382,0.9951017434068845
DEU,2007,0.97,43106.67725333828,Stacking,0.08425720620842572,0.9999996965665351
DEU,2007,0.82,43106.61731714691,Stacking,0.06762749445676275,0.9999996945291154
DEU,2007,0.91,43106.65826312668,Stacking,0.07760532150776053,0.9999996959209981
DEU,2007,9.23,43115.603566771024,Stacking,1.0000000000000002,1.0
DEU,2007,1.63,43107.73121695622,Stacking,0.15742793791574278,0.9999997323940729
DEU,2007,2.59,43108.70353970217,Stacking,0.2638580931263858,0.9999997654463808
DEU,2007,5.24,43111.92998718121,Stacking,0.5576496674057649,0.9999998751234771
DEU,2008,5.29,-29374576.68868589,Stacking,0.5631929046563193,1.2660221404559024e-07
DEU,2008,2.7,-29374578.63071465,Stacking,0.2760532150776054,6.058654922203033e-08
DEU,2008,0.81,-29374580.41303134,Stacking,0.0665188470066519,0.0
DEU,2008,9.06,-29374572.32417035,Stacking,0.9811529933481155,2.7496582266639535e-07
DEU,2008,0.97,-29374580.09844756,Stacking,0.08425720620842572,1.0693691931962235e-08
DEU,2008,1.05,-29374580.01585841,Stacking,0.09312638580931265,1.350115674814134e-08
DEU,2008,1.76,-29374580.077765223,Stacking,0.17184035476718404,1.1396749655112615e-08
DEU,2009,8.7,9.87589693300338,Stacking,0.9412416851441241,0.9985347007581588
DEU,2009,1.65,1.4658447727678752,Stacking,0.15964523281596452,0.998534414874038
DEU,2009,0.74,0.8294080197513161,Stacking,0.058758314855875834,0.9985343932395513
DEU,2009,1.09,1.9598476420046147,Stacking,0.09756097560975611,0.998534431666749
DEU,2009,1.1,1.062317117933798,Stacking,0.09866962305986697,0.998534401156864
DEU,2009,2.85,2.4359138336437685,Stacking,0.29268292682926833,0.998534447849736
DEU,2009,5.25,4.959483512093669,Stacking,0.5587583148558758,0.9985345336338055
DEU,2010,5.81,5.108904962448079,Stacking,0.6208425720620843,0.9985345387131105
DEU,2010,2.88,2.8927137271803263,Stacking,0.2960088691796009,0.9985344633778009
DEU,2010,1.03,1.177443369676709,Stacking,0.09090909090909091,0.9985344050703674
DEU,2010,1.17,1.346539393656221,Stacking,0.106430155210643,0.9985344108184729
DEU,2010,0.75,0.8749202280053661,Stacking,0.059866962305986704,0.9985343947866544
DEU,2010,1.68,1.6807835319854272,Stacking,0.1629711751662971,0.9985344221804824
DEU,2010,8.74,9.398879078530818,Stacking,0.9456762749445676,0.9985346845428218
DEU,2011,0.78,0.9815432320417647,Stacking,0.0631929046563193,0.9985343984111056
DEU,2011,1.19,1.3932915379730997,Stacking,0.10864745011086474,0.9985344124077254
DEU,2011,1.26,1.2252686090064673,Stacking,0.11640798226164081,0.9985344066960976
DEU,2011,2.84,2.980198786876098,Stacking,0.2915742793791575,0.9985344663516933
DEU,2011,5.82,5.871672054379153,Stacking,0.6219512195121951,0.9985345646419627
DEU,2011,8.88,9.14506108720756,Stacking,0.9611973392461198,0.9985346759147501
DEU,2011,1.49,1.865208636834364,Stacking,0.1419068736141907,0.9985344284496717
DEU,2012,5.84,6.576727559236578,Stacking,0.6241685144124168,0.9985345886090166
DEU,2012,2.8,3.464372939854334,Stacking,0.287139689578714,0.9985344828102953
DEU,2012,0.79,0.5586099670217552,Stacking,0.06430155210643015,0.9985343840342739
DEU,2012,1.32,0.5337836589580256,Stacking,0.123059866962306,0.9985343831903496
DEU,2012,1.35,0.5754276130825349,Stacking,0.1263858093126386,0.9985343846059586
DEU,2012,8.87,10.537624395937687,Stacking,0.9600886917960088,0.9985347232523563
DEU,2012,1.15,1.0074846985114414,Stacking,0.10421286031042129,0.9985343992929376
DEU,2013,1.59,0.863105561582733,Stacking,0.15299334811529935,0.9985343943850368
DEU,2013,8.66,9.855652535422712,Stacking,0.9368070953436808,0.998534700069988
DEU,2013,0.77,0.4354505182346437,Stacking,0.06208425720620843,0.9985343798476969
DEU,2013,1.21,0.8173826320453808,Stacking,0.11086474501108648,0.9985343928307706
DEU,2013,1.39,1.3405082170599705,Stacking,0.13082039911308202,0.9985344106134543
DEU,2013,2.83,3.020676580309136,Stacking,0.2904656319290466,0.9985344677276607
DEU,2013,5.94,6.038285604189299,Stacking,0.6352549889135255,0.9985345703056813
DEU,2014,1.34,1.4734835408941034,Stacking,0.12527716186252774,0.9985344151337038
DEU,2014,1.2,1.2964824362196437,Stacking,0.1097560975609756,0.9985344091168796
DEU,2014,5.91,5.977004761486013,Stacking,0.6319290465631929,0.9985345682225527
DEU,2014,2.84,2.9117387879859287,Stacking,0.2915742793791575,0.9985344640245226
DEU,2014,0.81,0.8218782005718688,Stacking,0.0665188470066519,0.998534392983589
DEU,2014,8.74,8.713624975871893,Stacking,0.9456762749445676,0.9985346612488798
DEU,2014,1.21,1.6227969280457049,Stacking,0.11086474501108648,0.9985344202093354
DEU,2015,2.9,2.824150618692733,Stacking,0.29822616407982266,0.9985344610471253
DEU,2015,1.45,1.3333726913183686,Stacking,0.13747228381374724,0.9985344103708954
DEU,2015,1.2,1.2046918242347393,Stacking,0.1097560975609756,0.998534405996628
DEU,2015,5.96,5.804267756871489,Stacking,0.6374722838137472,0.9985345623506786
DEU,2015,1.04,1.1917283710998825,Stacking,0.09201773835920178,0.9985344055559595
DEU,2015,0.84,0.7985477261964764,Stacking,0.06984478935698447,0.9985343921905129
DEU,2015,8.94,8.754566397942279,Stacking,0.9678492239467849,0.9985346626406075
DEU,2016,2.89,2.9198034207468235,Stacking,0.2971175166297118,0.9985344642986649
DEU,2016,1.16,1.205468662212477,Stacking,0.10532150776053215,0.9985344060230352
DEU,2016,0.39,0.8534678399688611,Stacking,0.01995565410199557,0.9985343940574203
DEU,2016,1.21,1.0916174287096374,Stacking,0.11086474501108648,0.9985344021528737
DEU,2016,9.07,8.866827081139757,Stacking,0.9822616407982262,0.9985346664567012
DEU,2016,1.21,1.4440452023699222,Stacking,0.11086474501108648,0.998534414133002
DEU,2016,5.93,5.938680065116017,Stacking,0.6341463414634146,0.9985345669197757
DEU,2017,8.94,9.012379450252151,Stacking,0.9678492239467849,0.9985346714044839
DEU,2017,0.43,0.440580013689141,Stacking,0.02439024390243903,0.9985343800220646
DEU,2017,1.47,1.1739317947187602,Stacking,0.13968957871396895,0.9985344049509979
DEU,2017,5.95,5.935583651705894,Stacking,0.6363636363636364,0.9985345668145189
DEU,2017,1.32,1.2098961805256458,Stacking,0.123059866962306,0.9985344061735405
DEU,2017,1.16,1.1595823315926996,Stacking,0.10532150776053215,0.9985344044632145
DEU,2017,2.89,2.86704375516461,Stacking,0.2971175166297118,0.9985344625051978
DEU,2018,2.88,2.9146684825755136,Stacking,0.2960088691796009,0.9985344641241122
DEU,2018,5.95,5.979031815650309,Stacking,0.6363636363636364,0.9985345682914586
DEU,2018,1.6,1.437492008488814,Stacking,0.1541019955654102,0.9985344139102383
DEU,2018,0.41,0.4715335334746516,Stacking,0.022172949002217297,0.9985343810742721
DEU,2018,1.21,1.3439913939541492,Stacking,0.11086474501108648,0.9985344107318584
DEU,2018,8.63,8.978683883577137,Stacking,0.9334811529933482,0.9985346702590656
DEU,2018,1.16,1.2388035615507305,Stacking,0.10532150776053215,0.9985344071561932
DEU,2019,8.85,8.586641713173128,Stacking,0.9578713968957872,0.9985346569323194
DEU,2019,1.18,1.2026698679944532,Stacking,0.10753880266075388,0.9985344059278953
DEU,2019,2.98,2.8756606855705247,Stacking,0.30709534368070956,0.9985344627981144
DEU,2019,5.9,5.937920594858364,Stacking,0.6308203991130821,0.9985345668939589
DEU,2019,1.07,1.2042198561805657,Stacking,0.09534368070953438,0.9985344059805843
DEU,2019,0.35,0.4110575207631852,Stacking,0.015521064301552107,0.9985343790185023
DEU,2019,1.59,1.5361778013227676,Stacking,0.15299334811529935,0.9985344172648788
DEU,2020,2.97,2.975077300598928,Stacking,0.3059866962305987,0.9985344661775979
DEU,2020,1.15,1.1382788953117196,Stacking,0.10421286031042129,0.9985344037390437
DEU,2020,1.4,1.545993862656323,Stacking,0.1319290465631929,0.9985344175985577
DEU,2020,0.23,0.3498419510180765,Stacking,0.002217294900221732,0.9985343769375925
DEU,2020,0.92,1.1010786615054324,Stacking,0.0787139689578714,0.9985344024744908
DEU,2020,9.13,8.855201999173659,Stacking,0.9889135254988916,0.9985346660615281
DEU,2020,5.95,5.900852899987948,Stacking,0.6363636363636364,0.9985345656339114
DEU,2021,5.96,5.9517457368480375,Stacking,0.6374722838137472,0.998534567363919
DEU,2021,0.21,0.2583151812946644,Stacking,0.0,0.9985343738263097
DEU,2021,1.51,1.405917355637759,Stacking,0.14412416851441243,0.9985344128369167
DEU,2021,9.08,9.132603697868127,Stacking,0.9833702882483369,0.9985346754912842
DEU,2021,0.82,0.8536267276362036,Stacking,0.06762749445676275,0.9985343940628214
DEU,2021,1.11,1.1273770018075284,Stacking,0.09977827050997784,0.9985344033684541
DEU,2021,3.0,2.9460419278320726,Stacking,0.30931263858093133,0.9985344651905942
DEU,2022,1.7,1.4823366701475702,Stacking,0.16518847006651885,0.9985344154346495
DEU,2022,0.26,0.2231099230444612,Stacking,0.005543237250554327,0.9985343726295723
DEU,2022,0.79,0.6431989914838782,Stacking,0.06430155210643015,0.9985343869097209
DEU,2022,2.99,2.9753612675120724,Stacking,0.3082039911308205,0.9985344661872507
DEU,2022,5.25,5.944032723968999,Stacking,0.5587583148558758,0.9985345671017294
DEU,2022,2.12,1.086627022805781,Stacking,0.21175166297117518,0.9985344019832342
DEU,2022,9.14,8.983614384970586,Stacking,0.9900221729490023,0.9985346704266689
DEU,2023,5.16,5.470771566204366,Stacking,0.5487804878048781,0.9985345510140944
DEU,2023,2.19,1.936566062504563,Stacking,0.21951219512195122,0.998534430875335
DEU,2023,3.02,2.998221915392758,Stacking,0.31152993348115304,0.9985344669643561
DEU,2023,9.13,9.135589763602171,Stacking,0.9889135254988916,0.99853467559279
DEU,2023,0.91,0.7612935013348725,Stacking,0.07760532150776053,0.9985343909241247
DEU,2023,0.22,0.2987324444412415,Stacking,0.001108647450110866,0.9985343752002197
DEU,2023,1.69,1.6812442295820351,Stacking,0.164079822616408,0.998534422196143
IND,2007,11.16,424512.1135607672,Stacking,0.30803177405119153,0.05342768844379437
IND,2007,10.6,424497.69255092647,Stacking,0.28331862312444833,0.05342587352940502
IND,2007,7.69,424520.6270397077,Stacking,0.15489849955869375,0.053428759883007236
IND,2007,22.99,424489.23113988433,Stacking,0.8300970873786407,0.053424808643046565
IND,2007,12.5,424505.9861905889,Stacking,0.3671668137687555,0.053426917301382826
IND,2007,12.5,424520.7419696811,Stacking,0.3671668137687555,0.05342877434718588
IND,2007,12.5,424492.38178431126,Stacking,0.3671668137687555,0.05342520515826771
IND,2008,7.0,7945804.159053624,Stacking,0.12444836716681376,0.9999980958309302
IND,2008,10.0,7945807.571277142,Stacking,0.2568402471315093,0.9999985252664296
IND,2008,6.46,7945801.716622055,Stacking,0.10061782877316858,0.9999977884457854
IND,2008,20.33,7945819.289266407,Stacking,0.7127096204766107,1.0
IND,2008,4.22,7945802.61517477,Stacking,0.0017652250661959468,0.9999979015305326
IND,2008,6.14,7945805.351733804,Stacking,0.08649602824360106,0.999998245932237
IND,2008,10.0,7945804.459441066,Stacking,0.2568402471315093,0.999998133635321
IND,2009,20.79,29.503706535005094,Stacking,0.7330097087378641,5.660086411818422e-06
IND,2009,10.0,17.548203224693737,Stacking,0.2568402471315093,4.155461199752467e-06
IND,2009,6.86,14.439287620555604,Stacking,0.11827007943512799,3.764197638632707e-06
IND,2009,7.17,13.711502266033731,Stacking,0.13195057369814653,3.672604322570345e-06
IND,2009,5.19,12.024715372688265,Stacking,0.04457193292144751,3.4603186478283166e-06
IND,2009,10.0,16.764405291614338,Stacking,0.2568402471315093,4.056818582987073e-06
IND,2009,7.88,14.990890858447472,Stacking,0.16328331862312448,3.8336180651298084e-06
IND,2010,7.67,-13.877037534819692,Stacking,0.1540158870255958,2.0052862060911312e-07
IND,2010,10.0,-10.398309360640267,Stacking,0.2568402471315093,6.383338707051225e-07
IND,2010,4.18,-15.470404818764507,Stacking,0.0,0.0
IND,2010,6.26,-13.20411391333073,Stacking,0.09179170344218887,2.852174722958308e-07
IND,2010,6.03,-15.057088401772148,Stacking,0.08164165931156223,5.2016739523722736e-08
IND,2010,10.0,-11.91182074105228,Stacking,0.2568402471315093,4.4785528334589615e-07
IND,2010,24.37,-2.129824817443307,Stacking,0.8909973521624007,1.6789400239016792e-06
IND,2011,6.43,5.376004209942025,Stacking,0.09929390997352164,2.6235643779696588e-06
IND,2011,6.21,5.480732133816446,Stacking,0.08958517210944397,2.6367446072397114e-06
IND,2011,5.16,4.274820881925223,Stacking,0.04324801412180054,2.484978142372889e-06
IND,2011,10.0,9.667270842849575,Stacking,0.2568402471315093,3.163629300372489e-06
IND,2011,8.14,6.871514418638554,Stacking,0.17475728155339812,2.8117774800450926e-06
IND,2011,26.45,25.18993761416785,Stacking,0.9827890556045896,5.117189529198661e-06
IND,2011,10.0,9.317909351548067,Stacking,0.2568402471315093,3.1196614226266947e-06
IND,2012,8.14,5.579717230230358,Stacking,0.17475728155339812,2.6492020896072416e-06
IND,2012,10.0,6.890266969348033,Stacking,0.2568402471315093,2.8141375279540494e-06
IND,2012,6.43,3.696787515446971,Stacking,0.09929390997352164,2.4122314286591784e-06
IND,2012,10.0,3.967985028713372,Stacking,0.2568402471315093,2.4463622055339823e-06
IND,2012,5.14,5.448391981754185,Stacking,0.042365401588702556,2.6326745311507395e-06
IND,2012,26.84,26.798586829809864,Stacking,1.0000000000000002,5.319641413021699e-06
IND,2012,6.44,3.344836390862639,Stacking,0.09973521624007062,2.3679376401234982e-06
IND,2013,10.0,8.196488881334687,Stacking,0.2568402471315093,2.9785283001629472e-06
IND,2013,26.84,1.1916138742086702,Stacking,1.0000000000000002,2.096950062130741e-06
IND,2013,6.43,8.727118761397605,Stacking,0.09929390997352164,3.045309185508828e-06
IND,2013,6.77,6.066543646229263,Stacking,0.11429832303618712,2.710470216962441e-06
IND,2013,5.14,5.351334650688372,Stacking,0.042365401588702556,2.6204596621028172e-06
IND,2013,10.0,10.133186009815148,Stacking,0.2568402471315093,3.222265703098897e-06
IND,2013,8.14,10.34101360097037,Stacking,0.17475728155339812,3.2484212421254624e-06
IND,2014,4.82,4.907336669113743,Stacking,0.028243601059135065,2.5645815832094422e-06
IND,2014,6.75,6.043825146512626,Stacking,0.11341571050308916,2.7076110460378274e-06
IND,2014,8.42,7.747185511539637,Stacking,0.18711385701676966,2.921982527014546e-06
IND,2014,10.0,9.132256051488424,Stacking,0.2568402471315093,3.0962965647263114e-06
IND,2014,6.49,5.995187431067961,Stacking,0.10194174757281557,2.7014898873533395e-06
IND,2014,15.86,25.63580428692148,Stacking,0.5154457193292145,5.1733027868033386e-06
IND,2014,10.0,9.189764716601957,Stacking,0.2568402471315093,3.103534151065939e-06
IND,2015,10.0,9.148290206070069,Stacking,0.2568402471315093,3.0983144967707865e-06
IND,2015,5.11,3.5335338575121646,Stacking,0.041041482789055644,2.391685612785509e-06
IND,2015,6.69,5.2488056122870965,Stacking,0.11076787290379528,2.607556167189777e-06
IND,2015,8.45,7.34720117329525,Stacking,0.1884377758164166,2.8716436576141286e-06
IND,2015,10.0,10.14174868846049,Stacking,0.2568402471315093,3.223343334197998e-06
IND,2015,6.22,4.558087439518253,Stacking,0.09002647837599295,2.5206278338352305e-06
IND,2015,16.32,15.54728512478935,Stacking,0.5357458075904679,3.903641452624076e-06
IND,2016,10.0,10.192642724934212,Stacking,0.2568402471315093,3.2297484556248912e-06
IND,2016,7.05,6.331501885426874,Stacking,0.12665489849955872,2.7438157680859547e-06
IND,2016,6.32,5.573796498752618,Stacking,0.0944395410414828,2.6484569531103453e-06
IND,2016,10.0,9.52618306547946,Stacking,0.2568402471315093,3.145873107142018e-06
IND,2016,19.19,15.11718594221163,Stacking,0.6624007060900265,3.849512566788107e-06
IND,2016,6.84,4.450174106810547,Stacking,0.11738746690203003,2.507046714170445e-06
IND,2016,8.28,7.726295185478386,Stacking,0.18093556928508384,2.919353435585754e-06
IND,2017,19.58,17.609469872103997,Stacking,0.6796116504854368,4.163171736060271e-06
IND,2017,6.11,5.0511095009619975,Stacking,0.08517210944395412,2.5826756961877247e-06
IND,2017,10.0,9.282101495464644,Stacking,0.2568402471315093,3.1151549287004474e-06
IND,2017,8.42,6.919141587656824,Stacking,0.18711385701676966,2.8177714593384954e-06
IND,2017,6.49,5.145118781899891,Stacking,0.10194174757281557,2.5945069617225975e-06
IND,2017,6.89,5.265118260938802,Stacking,0.11959399823477493,2.6096091482981307e-06
IND,2017,10.0,8.30142392693175,Stacking,0.2568402471315093,2.991734596136991e-06
IND,2018,10.0,9.373200926731826,Stacking,0.2568402471315093,3.126619983540192e-06
IND,2018,8.56,7.871302023821926,Stacking,0.1932921447484555,2.9376028508743167e-06
IND,2018,10.0,9.052266586181808,Stacking,0.2568402471315093,3.086229722446555e-06
IND,2018,6.1,5.7250290032560365,Stacking,0.08473080317740514,2.6674898815662694e-06
IND,2018,6.13,5.837628911373147,Stacking,0.08605472197705208,2.6816608165935882e-06
IND,2018,15.42,16.904493752381548,Stacking,0.4960282436010591,4.07444901012334e-06
IND,2018,6.9,5.815744803333814,Stacking,0.12003530450132396,2.678906655614756e-06
IND,2019,20.03,14.16458252187196,Stacking,0.6994704324801413,3.729625424763134e-06
IND,2019,7.1,6.204969595487163,Stacking,0.12886142983230361,2.7278914135320543e-06
IND,2019,12.28,9.088047951530298,Stacking,0.3574580759046778,3.0907328824581495e-06
IND,2019,9.06,7.940376804945131,Stacking,0.2153574580759047,2.9462960572160583e-06
IND,2019,7.26,5.207493103959467,Stacking,0.1359223300970874,2.602356901212424e-06
IND,2019,6.15,5.601312688180037,Stacking,0.0869373345101501,2.65191992336579e-06
IND,2019,18.8,9.403136378103836,Stacking,0.6451897616946162,3.1303874229946276e-06
IND,2020,11.77,13.461769240763031,Stacking,0.3349514563106796,3.641174896610191e-06
IND,2020,6.92,9.34686136008446,Stacking,0.12091791703442192,3.123305093733894e-06
IND,2020,18.72,19.996408950954923,Stacking,0.6416593115622241,4.463573034482149e-06
IND,2020,6.05,6.210462940630611,Stacking,0.08252427184466019,2.7285827625607718e-06
IND,2020,6.38,5.921578070187017,Stacking,0.09708737864077674,2.6922259946211948e-06
IND,2020,23.73,21.63641800800201,Stacking,0.8627537511032658,4.6699716202381596e-06
IND,2020,8.91,8.787842715070859,Stacking,0.20873786407766995,3.052951422669542e-06
IND,2021,9.18,9.6773594010527,Stacking,0.2206531332744925,3.1648989666200593e-06
IND,2021,6.84,6.408576275724083,Stacking,0.11738746690203003,2.753515742050729e-06
IND,2021,22.84,17.424651462887695,Stacking,0.823477493380406,4.1399119509267645e-06
IND,2021,21.3,21.816968426798727,Stacking,0.7555163283318623,4.692694269809617e-06
IND,2021,7.09,6.269450871953285,Stacking,0.12842012356575463,2.7360065176609995e-06
IND,2021,7.25,5.166002879531479,Stacking,0.13548102383053842,2.59713526929043e-06
IND,2021,11.21,11.198686071489456,Stacking,0.3102383053839365,3.3563611246500992e-06
IND,2022,23.84,22.93788067966077,Stacking,0.8676081200353046,4.833763432051851e-06
IND,2022,6.75,6.774170498350244,Stacking,0.11341571050308916,2.7995265431413485e-06
IND,2022,7.02,4.364292876774815,Stacking,0.12533097969991172,2.4962383809199708e-06
IND,2022,11.66,9.594664974957006,Stacking,0.33009708737864074,3.1544916993414336e-06
IND,2022,8.87,9.169520635293487,Stacking,0.20697263901147397,3.1009863908971498e-06
IND,2022,7.14,5.777708648903159,Stacking,0.1306266548984996,2.674119725659491e-06
IND,2022,21.19,20.40726202921907,Stacking,0.7506619593998236,4.51527975765105e-06
IND,2023,8.46,10.350634836235628,Stacking,0.18887908208296564,3.2496320947993805e-06
IND,2023,7.25,9.077153862968576,Stacking,0.13548102383053842,3.0893618385223994e-06
IND,2023,11.81,14.116889702124938,Stacking,0.3367166813768756,3.7236231831875748e-06
IND,2023,25.17,23.803375617686463,Stacking,0.9263018534863195,4.942687788548475e-06
IND,2023,8.55,2.4623982474717767,Stacking,0.1928508384819065,2.256880945631229e-06
IND,2023,6.55,7.3526350853891556,Stacking,0.10458958517210945,2.8723275268686824e-06
IND,2023,24.31,24.85142677345666,Stacking,0.8883495145631067,5.074587228628646e-06
JPN,2007,0.0,-27.85900577884149,Stacking,0.0,7.020828608081696e-12
JPN,2007,0.01,-27.96571648453664,Stacking,0.002976190476190476,0.0
JPN,2007,0.06,-27.865594895854883,Stacking,0.017857142857142856,6.5873101440411846e-12
JPN,2007,0.0,-27.79693879337356,Stacking,0.0,1.1104408267235177e-11
JPN,2007,1.13,-26.858593421453406,Stacking,0.3363095238095238,7.284106335279349e-11
JPN,2007,1.46,-26.838968752017536,Stacking,0.43452380952380953,7.413223127921625e-11
JPN,2007,3.31,-25.02445809325127,Stacking,0.9851190476190477,1.935145206169791e-10
JPN,2008,3.25,15199161161.11615,Stacking,0.9672619047619048,1.0
JPN,2008,1.49,15199161159.355286,Stacking,0.44345238095238093,0.9999999998841473
JPN,2008,0.01,15199161157.96466,Stacking,0.002976190476190476,0.9999999997926537
JPN,2008,0.01,15199161157.913116,Stacking,0.002976190476190476,0.9999999997892625
JPN,2008,0.07,15199161158.01648,Stacking,0.020833333333333336,0.9999999997960631
JPN,2008,0.0,15199161157.953064,Stacking,0.0,0.9999999997918908
JPN,2008,1.02,15199161159.042269,Stacking,0.30357142857142855,0.9999999998635529
JPN,2009,0.02,0.1548185365812537,Stacking,0.005952380952380952,1.850137298452887e-09
JPN,2009,0.97,1.564333844969131,Stacking,0.28869047619047616,1.942873686392531e-09
JPN,2009,0.02,0.2381432004505108,Stacking,0.005952380952380952,1.8556194867679312e-09
JPN,2009,0.0,0.2305335053630097,Stacking,0.0,1.855118821304039e-09
JPN,2009,0.07,0.2888874077600837,Stacking,0.020833333333333336,1.8589581057007987e-09
JPN,2009,1.39,1.657221580859665,Stacking,0.41369047619047616,1.9489850589041443e-09
JPN,2009,3.26,3.597077667651985,Stacking,0.9702380952380951,2.0766142130831125e-09
JPN,2010,3.32,3.036188342626517,Stacking,0.988095238095238,2.0397115631244834e-09
JPN,2010,1.23,1.2510920789567228,Stacking,0.36607142857142855,1.9222645381562834e-09
JPN,2010,0.06,-0.0933845607196863,Stacking,0.017857142857142856,1.8338072461418928e-09
JPN,2010,0.0,-0.1743981524984018,Stacking,0.0,1.8284771104343439e-09
JPN,2010,0.02,-0.1677254503683116,Stacking,0.005952380952380952,1.8289161282226995e-09
JPN,2010,0.93,0.7428208520218353,Stacking,0.2767857142857143,1.8888237962224457e-09
JPN,2010,0.01,-0.1516135879524121,Stacking,0.002976190476190476,1.8299761776698672e-09
JPN,2011,0.01,-0.0477619667733344,Stacking,0.002976190476190476,1.8368088982316887e-09
JPN,2011,0.0,-0.0531033918200454,Stacking,0.0,1.836457469295561e-09
JPN,2011,0.01,-0.0013320190957868,Stacking,0.002976190476190476,1.839863668629867e-09
JPN,2011,1.18,1.1981094388777087,Stacking,0.35119047619047616,1.9187786457823627e-09
JPN,2011,3.33,3.2595979581368746,Stacking,0.9910714285714286,2.0544103752978056e-09
JPN,2011,0.01,-0.0334956528327074,Stacking,0.002976190476190476,1.8377475233152147e-09
JPN,2011,0.76,0.911100978465942,Stacking,0.2261904761904762,1.899895468162144e-09
JPN,2012,2.8,3.234402159558951,Stacking,0.8333333333333333,2.0527526654897126e-09
JPN,2012,1.17,1.1110605091273669,Stacking,0.3482142857142857,1.913051426453123e-09
JPN,2012,0.76,0.6889602521728837,Stacking,0.2261904761904762,1.8852801401496594e-09
JPN,2012,0.01,0.0274450643365772,Stacking,0.002976190476190476,1.8417570022865319e-09
JPN,2012,0.01,0.0224801804330603,Stacking,0.002976190476190476,1.8414303471611763e-09
JPN,2012,0.01,0.0345990372236831,Stacking,0.002976190476190476,1.8422276843720831e-09
JPN,2012,0.0,0.0195110415613248,Stacking,0.0,1.8412349982971964e-09
JPN,2013,0.01,0.0308151915575409,Stacking,0.002976190476190476,1.8419787334188647e-09
JPN,2013,0.01,0.043402039552616,Stacking,0.002976190476190476,1.8428068612239777e-09
JPN,2013,0.86,0.5936920827155703,Stacking,0.25595238095238093,1.8790121515236985e-09
JPN,2013,0.0,0.0243242018841865,Stacking,0.0,1.841551671057159e-09
JPN,2013,0.01,0.0330628947598665,Stacking,0.002976190476190476,1.8421266167904774e-09
JPN,2013,1.21,0.8328171179681415,Stacking,0.3601190476190476,1.894744929949941e-09
JPN,2013,2.9,2.509374846664214,Stacking,0.863095238095238,2.0050508677473773e-09
JPN,2014,0.01,0.0290395528237275,Stacking,0.002976190476190476,1.8418619086341463e-09
JPN,2014,0.0,0.0081482693296467,Stacking,0.0,1.840487406236666e-09
JPN,2014,3.36,2.9246420027292808,Stacking,1.0,2.0323725831301557e-09
JPN,2014,1.41,1.2130570836180288,Stacking,0.4196428571428571,1.919762097734373e-09
JPN,2014,0.85,0.8483010744213374,Stacking,0.25297619047619047,1.895763667514506e-09
JPN,2014,0.01,0.0148657945083077,Stacking,0.002976190476190476,1.840929373072539e-09
JPN,2014,0.02,0.0349452130705559,Stacking,0.005952380952380952,1.842250460355742e-09
JPN,2015,1.52,1.4446053455869907,Stacking,0.4523809523809524,1.934996376724406e-09
JPN,2015,0.01,0.0675239927466875,Stacking,0.002976190476190476,1.844393919410544e-09
JPN,2015,0.0,0.0566052847843371,Stacking,0.0,1.8436755437168777e-09
JPN,2015,2.91,3.3128307298535056,Stacking,0.8660714285714286,2.0579127246086915e-09
JPN,2015,0.02,0.0560946347660582,Stacking,0.005952380952380952,1.8436419464668765e-09
JPN,2015,0.85,0.8955999131181588,Stacking,0.25297619047619047,1.89887560495029e-09
JPN,2015,0.02,0.0705601494229499,Stacking,0.005952380952380952,1.8445936775839386e-09
JPN,2016,1.09,1.507277099853781,Stacking,0.3244047619047619,1.9391197460003246e-09
JPN,2016,0.0,0.0506023664506798,Stacking,0.0,1.8432805930838147e-09
JPN,2016,0.96,0.9115019048291486,Stacking,0.2857142857142857,1.899921846352244e-09
JPN,2016,0.02,0.077132465267549,Stacking,0.005952380952380952,1.8450260906469253e-09
JPN,2016,0.0,0.0610388228957624,Stacking,0.0,1.8439672399530235e-09
JPN,2016,0.0,0.0680065234394506,Stacking,0.0,1.844425666602824e-09
JPN,2016,3.35,3.07398400335538,Stacking,0.9970238095238095,2.0421982569794056e-09
JPN,2017,0.06,-0.0031298335502968,Stacking,0.017857142857142856,1.83974538483564e-09
JPN,2017,0.94,0.8897121812376054,Stacking,0.27976190476190477,1.89848823279157e-09
JPN,2017,0.02,0.028009929122548,Stacking,0.005952380952380952,1.8417941664944078e-09
JPN,2017,3.19,3.121744579200137,Stacking,0.9494047619047619,2.0453405735356025e-09
JPN,2017,0.01,0.0122120638497847,Stacking,0.002976190476190476,1.8407547758940823e-09
JPN,2017,0.0,0.0097216554634123,Stacking,0.0,1.8405909241949399e-09
JPN,2017,1.12,1.1053381737177088,Stacking,0.33333333333333337,1.9126749362416915e-09
JPN,2018,1.16,1.111043955576291,Stacking,0.34523809523809523,1.9130503373436075e-09
JPN,2018,3.17,3.095097578522421,Stacking,0.9434523809523809,2.0435873846361483e-09
JPN,2018,0.02,0.0213211169137032,Stacking,0.005952380952380952,1.8413540887739577e-09
JPN,2018,0.95,0.9322703425391738,Stacking,0.28273809523809523,1.90128826634422e-09
JPN,2018,0.01,0.0071423528788853,Stacking,0.002976190476190476,1.8404212238705311e-09
JPN,2018,0.64,0.0311054332363165,Stacking,0.19047619047619047,1.8419978293199584e-09
JPN,2018,0.0,-0.0009424247800501,Stacking,0.0,1.8398893012493839e-09
JPN,2019,0.49,0.7124666726176813,Stacking,0.14583333333333334,1.8868267005257465e-09
JPN,2019,0.0,0.072060681671538,Stacking,0.0,1.8446924022589336e-09
JPN,2019,1.16,1.180212108537246,Stacking,0.34523809523809523,1.917601124857503e-09
JPN,2019,3.06,3.1479373675171662,Stacking,0.9107142857142857,2.047063878393758e-09
JPN,2019,0.01,0.060265871350015,Stacking,0.002976190476190476,1.8439163850712222e-09
JPN,2019,0.98,0.96344180305176,Stacking,0.2916666666666667,1.9033391335022693e-09
JPN,2019,0.02,0.0724892986728725,Stacking,0.005952380952380952,1.8447206023020809e-09
JPN,2020,1.09,1.1223272859039906,Stacking,0.3244047619047619,1.91379270267465e-09
JPN,2020,0.0,0.003693925558898,Stacking,0.0,1.840194341131603e-09
JPN,2020,0.01,0.0013038848463386,Stacking,0.002976190476190476,1.8400370929333093e-09
JPN,2020,0.79,0.9203984970997596,Stacking,0.23511904761904762,1.900507180776949e-09
JPN,2020,0.01,0.0185281727481598,Stacking,0.002976190476190476,1.8411703323066897e-09
JPN,2020,0.02,0.5239191522690656,Stacking,0.005952380952380952,1.874421573821514e-09
JPN,2020,3.04,3.054705861754131,Stacking,0.9047619047619048,2.040929888195009e-09
JPN,2021,3.1,3.128882858089858,Stacking,0.9226190476190477,2.0458102230643445e-09
JPN,2021,0.57,0.8720616753541284,Stacking,0.16964285714285712,1.8973269512139946e-09
JPN,2021,0.01,0.0348025378755487,Stacking,0.002976190476190476,1.8422410733117314e-09
JPN,2021,0.01,0.0147560918913884,Stacking,0.002976190476190476,1.8409221553968032e-09
JPN,2021,0.01,0.0326851642699138,Stacking,0.002976190476190476,1.8421017647288897e-09
JPN,2021,0.0,0.0288738370344183,Stacking,0.0,1.8418510056779076e-09
JPN,2021,1.01,1.1134875153971575,Stacking,0.3005952380952381,1.9132111067301853e-09
JPN,2022,0.01,-0.0127504947108909,Stacking,0.002976190476190476,1.8391124116708114e-09
JPN,2022,0.56,0.5600124250840496,Stacking,0.16666666666666669,1.8767962622905664e-09
JPN,2022,0.01,0.0019903705474206,Stacking,0.002976190476190476,1.8400822589587592e-09
JPN,2022,1.01,1.0016564042800504,Stacking,0.3005952380952381,1.905853390753238e-09
JPN,2022,2.71,3.052950693748301,Stacking,0.8065476190476191,2.0408144102430353e-09
JPN,2022,0.0,0.0312395948932036,Stacking,0.0,1.8420066562318661e-09
JPN,2022,0.01,-0.0161355322961989,Stacking,0.002976190476190476,1.8388896995393197e-09
JPN,2023,2.67,2.816863575650832,Stacking,0.7946428571428571,2.0252815058175558e-09
JPN,2023,0.0,-0.0765125979263324,Stacking,0.0,1.8349173049526036e-09
JPN,2023,1.14,0.9730810728865882,Stacking,0.33928571428571425,1.903973330989546e-09
JPN,2023,0.01,-0.0134787676186669,Stacking,0.002976190476190476,1.839064496335306e-09
JPN,2023,0.01,-0.0416360100311709,Stacking,0.002976190476190476,1.8372119439436167e-09
JPN,2023,0.68,0.5232314083387154,Stacking,0.20238095238095238,1.8743763250132543e-09
